fecha,ciudad,categoria,producto,cantidad,precio_unitario,total_venta
2025-11-24,Medellín,Tecnología,Monitor,8,60513,484104
2025-03-13,Medellín,Papelería,Cuaderno,19,112604,2139476
2025-01-17,Medellín,Tecnología,Teclado,8,134475,1075800
2025-11-05,Medellín,Papelería,Lapicero,18,111974,2015532
2025-04-23,Barranquilla,Papelería,Marcador,1,200916,200916
2025-03-23,Barranquilla,Ropa,Zapatos,5,58443,292215
2025-06-22,Medellín,Tecnología,Memoria USB,4,96104,384416
2025-06-26,Apartadó,Ropa,Camisa,15,142568,2138520
2025-03-05,Barranquilla,Tecnología,Audífonos,10,219423,2194230
2025-11-18,Apartadó,Ropa,Gorra,7,186699,1306893
2025-02-05,Medellín,Hogar,Lámpara,3,226216,678648
2025-04-30,Medellín,Alimentos,Café,15,168640,2529600
2025-07-06,Bogotá,Ropa,Zapatos,7,177682,1243774
2025-05-17,Medellín,Papelería,Lapicero,18,193136,3476448
2025-05-06,Bogotá,Alimentos,Azúcar,9,244585,2201265
2025-11-24,Apartadó,Hogar,Lámpara,2,62043,124086
2025-01-17,Cali,Alimentos,Café,3,57307,171921
2025-10-18,Cali,Hogar,Ventilador,13,233914,3040882
2025-11-26,Barranquilla,Hogar,Lámpara,5,66651,333255
2025-10-15,Apartadó,Ropa,Gorra,14,237358,3323012
2025-10-26,Barranquilla,Ropa,Pantalón,5,135569,677845
2025-09-10,Medellín,Tecnología,Mouse,5,166481,832405
2025-03-23,Barranquilla,Papelería,Cuaderno,13,102039,1326507
2025-11-02,Barranquilla,Papelería,Marcador,18,227648,4097664
2025-01-06,Medellín,Papelería,Marcador,11,31242,343662
2025-05-31,Barranquilla,Hogar,Ventilador,1,191292,191292
2025-05-15,Apartadó,Hogar,Organizador,4,230201,920804
2025-11-17,Cali,Papelería,Resma,7,42065,294455
2025-07-11,Bogotá,Papelería,Resma,1,159009,159009
2025-06-15,Barranquilla,Tecnología,Mouse,12,232351,2788212
2025-06-07,Bogotá,Tecnología,Teclado,19,22645,430255
2025-02-13,Barranquilla,Tecnología,Audífonos,5,35657,178285
2025-12-04,Barranquilla,Papelería,Lapicero,9,140326,1262934
2025-11-07,Barranquilla,Hogar,Organizador,7,188895,1322265
2025-06-09,Barranquilla,Ropa,Chaqueta,17,120354,2046018
2025-03-03,Bogotá,Hogar,Silla,11,7514,82654
2025-10-29,Apartadó,Hogar,Organizador,8,3885,31080
2025-02-06,Medellín,Hogar,Silla,2,227348,454696
2025-06-19,Medellín,Papelería,Lapicero,9,177368,1596312
2025-09-06,Bogotá,Papelería,Lapicero,19,153050,2907950
2025-08-31,Bogotá,Alimentos,Azúcar,7,26726,187082
2025-02-19,Barranquilla,Ropa,Chaqueta,14,124427,1741978
2025-01-28,Medellín,Tecnología,Memoria USB,11,211870,2330570
2025-02-25,Bogotá,Hogar,Mesa,18,119601,2152818
2025-03-13,Barranquilla,Hogar,Lámpara,15,67485,1012275
2025-02-08,Barranquilla,Papelería,Cuaderno,2,172955,345910
2025-10-04,Medellín,Tecnología,Teclado,6,108539,651234
2025-09-06,Barranquilla,Hogar,Ventilador,2,45158,90316
2025-07-14,Medellín,Alimentos,Café,15,76776,1151640
2025-08-05,Apartadó,Alimentos,Aceite,7,79780,558460
2025-04-22,Medellín,Papelería,Resma,2,198077,396154
2025-06-10,Medellín,Tecnología,Audífonos,16,133819,2141104
2025-09-29,Bogotá,Tecnología,Audífonos,3,225174,675522
2025-04-06,Medellín,Papelería,Cuaderno,8,107847,862776
2025-03-03,Apartadó,Hogar,Organizador,20,12418,248360
2025-11-14,Medellín,Alimentos,Leche,19,139044,2641836
2025-06-11,Cali,Hogar,Lámpara,8,71629,573032
2025-07-22,Bogotá,Ropa,Chaqueta,11,245536,2700896
2025-02-07,Medellín,Alimentos,Leche,19,28209,535971
2025-02-07,Apartadó,Hogar,Organizador,9,36722,330498
2025-06-28,Medellín,Hogar,Lámpara,10,43352,433520
2025-08-13,Apartadó,Ropa,Gorra,17,4050,68850
2025-12-08,Apartadó,Ropa,Camisa,5,71328,356640
2025-03-01,Medellín,Papelería,Lapicero,9,75860,682740
2025-11-06,Bogotá,Ropa,Pantalón,9,134489,1210401
2025-09-08,Cali,Tecnología,Mouse,14,219408,3071712
2025-05-22,Medellín,Tecnología,Monitor,5,169015,845075
2025-05-15,Bogotá,Alimentos,Leche,14,149038,2086532
2025-01-05,Medellín,Tecnología,Teclado,18,11444,205992
2025-07-09,Apartadó,Papelería,Lapicero,14,35409,495726
2025-01-22,Cali,Ropa,Camisa,12,57070,684840
2025-12-16,Bogotá,Tecnología,Monitor,18,233770,4207860
2025-07-28,Apartadó,Hogar,Mesa,6,211685,1270110
2025-04-01,Barranquilla,Tecnología,Teclado,11,207097,2278067
2025-07-30,Bogotá,Ropa,Pantalón,4,102281,409124
2025-01-20,Barranquilla,Hogar,Mesa,15,93660,1404900
2025-06-06,Bogotá,Hogar,Silla,7,106455,745185
2025-06-18,Cali,Tecnología,Monitor,12,170160,2041920
2025-09-18,Barranquilla,Papelería,Marcador,1,32236,32236
2025-05-14,Bogotá,Papelería,Marcador,2,30417,60834
2025-11-02,Barranquilla,Ropa,Zapatos,14,160914,2252796
2025-09-19,Medellín,Alimentos,Leche,7,68773,481411
2025-01-23,Barranquilla,Tecnología,Audífonos,18,182055,3276990
2025-12-10,Bogotá,Ropa,Chaqueta,3,176125,528375
2025-06-19,Apartadó,Ropa,Camisa,10,134939,1349390
2025-06-08,Barranquilla,Ropa,Chaqueta,10,147335,1473350
2025-03-07,Bogotá,Alimentos,Azúcar,6,163353,980118
2025-10-19,Cali,Alimentos,Leche,1,81658,81658
2025-05-27,Bogotá,Alimentos,Leche,20,173627,3472540
2025-06-14,Barranquilla,Alimentos,Azúcar,7,136001,952007
2025-08-31,Bogotá,Tecnología,Monitor,17,176025,2992425
2025-11-21,Apartadó,Ropa,Camisa,8,178369,1426952
2025-06-08,Bogotá,Hogar,Mesa,1,14114,14114
2025-05-06,Barranquilla,Papelería,Cuaderno,15,110643,1659645
2025-11-19,Apartadó,Hogar,Ventilador,16,106766,1708256
2025-05-05,Bogotá,Tecnología,Mouse,14,59367,831138
2025-04-01,Apartadó,Alimentos,Arroz,18,67325,1211850
2025-03-04,Barranquilla,Hogar,Ventilador,17,148518,2524806
2025-11-01,Cali,Alimentos,Leche,17,113867,1935739
2025-10-08,Barranquilla,Hogar,Ventilador,15,69945,1049175
2025-05-07,Cali,Papelería,Carpeta,8,73984,591872
2025-08-14,Medellín,Ropa,Pantalón,9,90040,810360
2025-06-13,Apartadó,Tecnología,Teclado,5,62623,313115
2025-07-16,Bogotá,Hogar,Silla,14,108849,1523886
2025-06-19,Apartadó,Alimentos,Azúcar,2,56220,112440
2025-08-04,Barranquilla,Papelería,Cuaderno,19,101714,1932566
2025-09-02,Medellín,Ropa,Zapatos,13,225726,2934438
2025-08-03,Apartadó,Papelería,Resma,8,129986,1039888
2025-04-23,Cali,Alimentos,Azúcar,1,103936,103936
2025-06-22,Barranquilla,Hogar,Ventilador,5,165120,825600
2025-10-01,Medellín,Alimentos,Leche,19,175801,3340219
2025-01-14,Medellín,Alimentos,Aceite,15,49639,744585
2025-01-26,Cali,Alimentos,Café,7,121196,848372
2025-06-17,Cali,Alimentos,Café,14,68131,953834
2025-02-11,Barranquilla,Tecnología,Audífonos,2,93740,187480
2025-04-25,Medellín,Tecnología,Mouse,8,54261,434088
2025-01-11,Apartadó,Hogar,Mesa,5,126141,630705
2025-12-09,Medellín,Papelería,Lapicero,15,185360,2780400
2025-05-12,Cali,Hogar,Organizador,20,198064,3961280
2025-02-28,Bogotá,Ropa,Camisa,19,8731,165889
2025-06-09,Apartadó,Alimentos,Azúcar,7,21922,153454
2025-10-31,Bogotá,Tecnología,Monitor,20,213164,4263280
2025-03-03,Apartadó,Tecnología,Monitor,18,114296,2057328
2025-12-05,Cali,Tecnología,Audífonos,11,5316,58476
2025-08-04,Barranquilla,Tecnología,Memoria USB,12,168614,2023368
2025-08-24,Bogotá,Alimentos,Aceite,17,172513,2932721
2025-05-19,Apartadó,Papelería,Carpeta,15,116183,1742745
2025-10-31,Cali,Ropa,Pantalón,3,75119,225357
2025-08-19,Bogotá,Alimentos,Leche,20,177161,3543220
2025-07-14,Cali,Tecnología,Memoria USB,11,49668,546348
2025-09-07,Bogotá,Ropa,Zapatos,11,75310,828410
2025-11-02,Cali,Papelería,Cuaderno,17,52084,885428
2025-02-13,Bogotá,Alimentos,Azúcar,18,200748,3613464
2025-05-04,Barranquilla,Alimentos,Azúcar,1,26393,26393
2025-05-31,Bogotá,Alimentos,Aceite,10,176053,1760530
2025-10-25,Cali,Alimentos,Leche,17,92113,1565921
2025-08-06,Apartadó,Ropa,Zapatos,15,73019,1095285
2025-06-06,Cali,Hogar,Silla,7,84719,593033
2025-03-03,Apartadó,Hogar,Mesa,7,195620,1369340
2025-09-05,Cali,Papelería,Resma,20,76186,1523720
2025-02-21,Bogotá,Ropa,Pantalón,12,49039,588468
2025-06-04,Medellín,Papelería,Lapicero,9,13931,125379
2025-01-28,Apartadó,Ropa,Pantalón,16,28892,462272
2025-01-07,Apartadó,Ropa,Chaqueta,16,117466,1879456
2025-06-24,Bogotá,Tecnología,Monitor,16,31907,510512
2025-02-03,Barranquilla,Alimentos,Arroz,19,167005,3173095
2025-12-18,Medellín,Hogar,Mesa,19,81648,1551312
2025-02-13,Bogotá,Tecnología,Audífonos,14,160942,2253188
2025-11-02,Apartadó,Hogar,Organizador,13,120099,1561287
2025-08-15,Cali,Papelería,Carpeta,10,151062,1510620
2025-11-14,Medellín,Papelería,Cuaderno,7,165975,1161825
2025-04-19,Cali,Tecnología,Teclado,8,47564,380512
2025-10-10,Medellín,Hogar,Silla,14,120096,1681344
2025-12-19,Apartadó,Alimentos,Café,2,62680,125360
2025-05-28,Cali,Alimentos,Arroz,8,244197,1953576
2025-05-16,Apartadó,Hogar,Ventilador,4,144753,579012
2025-04-26,Bogotá,Ropa,Pantalón,3,17633,52899
2025-03-26,Cali,Papelería,Resma,10,117121,1171210
2025-03-05,Barranquilla,Ropa,Chaqueta,9,133195,1198755
2025-10-04,Barranquilla,Alimentos,Arroz,20,12449,248980
2025-08-10,Cali,Papelería,Marcador,1,25940,25940
2025-04-28,Apartadó,Papelería,Cuaderno,9,153059,1377531
2025-01-21,Bogotá,Alimentos,Leche,15,242142,3632130
2025-05-23,Bogotá,Papelería,Carpeta,16,25918,414688
2025-08-29,Cali,Alimentos,Café,11,177671,1954381
2025-02-23,Bogotá,Ropa,Chaqueta,16,77554,1240864
2025-12-06,Barranquilla,Papelería,Cuaderno,15,25084,376260
2025-06-11,Cali,Ropa,Camisa,13,228731,2973503
2025-09-21,Medellín,Papelería,Carpeta,14,16209,226926
2025-04-07,Apartadó,Ropa,Gorra,16,165947,2655152
2025-08-15,Medellín,Hogar,Lámpara,18,36344,654192
2025-05-28,Barranquilla,Alimentos,Arroz,1,167156,167156
2025-11-08,Bogotá,Hogar,Lámpara,18,5584,100512
2025-10-10,Barranquilla,Tecnología,Teclado,4,122965,491860
2025-03-02,Bogotá,Alimentos,Café,17,186919,3177623
2025-05-20,Barranquilla,Alimentos,Azúcar,8,121743,973944
2025-10-10,Bogotá,Alimentos,Aceite,20,135232,2704640
2025-03-11,Medellín,Ropa,Chaqueta,11,246907,2715977
2025-09-17,Cali,Tecnología,Monitor,10,221539,2215390
2025-10-28,Apartadó,Alimentos,Aceite,15,143185,2147775
2025-09-05,Cali,Ropa,Gorra,18,100883,1815894
2025-08-22,Cali,Hogar,Mesa,19,102393,1945467
2025-04-30,Barranquilla,Tecnología,Monitor,16,186871,2989936
2025-07-15,Barranquilla,Hogar,Ventilador,2,35094,70188
2025-09-15,Apartadó,Ropa,Camisa,15,28138,422070
2025-09-27,Barranquilla,Tecnología,Teclado,14,230309,3224326
2025-12-02,Bogotá,Tecnología,Memoria USB,9,90751,816759
2025-11-16,Barranquilla,Tecnología,Monitor,18,101617,1829106
2025-06-12,Barranquilla,Papelería,Cuaderno,20,19936,398720
2025-05-01,Cali,Hogar,Silla,14,27806,389284
2025-11-21,Medellín,Alimentos,Aceite,10,238827,2388270
2025-01-15,Medellín,Ropa,Camisa,10,95969,959690
2025-07-11,Barranquilla,Hogar,Mesa,17,110016,1870272
2025-10-17,Bogotá,Hogar,Mesa,3,161774,485322
2025-07-15,Apartadó,Hogar,Ventilador,19,39517,750823
2025-04-29,Barranquilla,Ropa,Chaqueta,9,176808,1591272
2025-01-05,Barranquilla,Ropa,Gorra,6,21362,128172
2025-08-15,Cali,Papelería,Marcador,14,182961,2561454
2025-05-09,Barranquilla,Ropa,Pantalón,13,225696,2934048
2025-09-05,Medellín,Hogar,Ventilador,19,96098,1825862
2025-10-22,Cali,Ropa,Camisa,13,73953,961389
2025-01-05,Apartadó,Tecnología,Audífonos,16,220323,3525168
2025-05-27,Bogotá,Papelería,Marcador,8,168885,1351080
2025-04-08,Apartadó,Ropa,Pantalón,4,238821,955284
2025-11-18,Medellín,Ropa,Chaqueta,2,153931,307862
2025-07-06,Bogotá,Tecnología,Monitor,11,197947,2177417
2025-08-01,Bogotá,Hogar,Mesa,18,231758,4171644
2025-07-07,Apartadó,Papelería,Marcador,6,69363,416178
2025-09-04,Cali,Ropa,Camisa,15,21739,326085
2025-03-14,Bogotá,Alimentos,Leche,12,25672,308064
2025-07-22,Medellín,Ropa,Gorra,4,121219,484876
2025-07-08,Cali,Papelería,Carpeta,12,30402,364824
2025-12-12,Bogotá,Alimentos,Arroz,20,233796,4675920
2025-10-15,Cali,Papelería,Lapicero,3,168567,505701
2025-08-26,Cali,Alimentos,Arroz,5,13887,69435
2025-01-20,Cali,Alimentos,Arroz,4,63551,254204
2025-10-03,Bogotá,Alimentos,Azúcar,12,177763,2133156
2025-12-23,Apartadó,Alimentos,Leche,5,234105,1170525
2025-08-01,Medellín,Alimentos,Leche,14,248167,3474338
2025-05-24,Medellín,Ropa,Pantalón,15,118574,1778610
2025-05-01,Cali,Tecnología,Monitor,18,238374,4290732
2025-11-27,Cali,Tecnología,Memoria USB,9,51757,465813
2025-03-04,Barranquilla,Tecnología,Teclado,20,7598,151960
2025-01-26,Cali,Hogar,Mesa,19,55793,1060067
2025-02-05,Apartadó,Hogar,Organizador,7,215136,1505952
2025-04-30,Cali,Hogar,Organizador,1,74685,74685
2025-03-16,Bogotá,Papelería,Marcador,6,30816,184896
2025-12-05,Medellín,Hogar,Silla,12,209089,2509068
2025-05-02,Apartadó,Ropa,Camisa,6,71564,429384
2025-01-27,Bogotá,Alimentos,Leche,4,197471,789884
2025-02-02,Barranquilla,Alimentos,Café,17,157625,2679625
2025-02-25,Barranquilla,Papelería,Lapicero,20,13367,267340
2025-12-04,Apartadó,Ropa,Chaqueta,1,17945,17945
2025-09-03,Barranquilla,Alimentos,Arroz,16,188751,3020016
2025-08-16,Medellín,Tecnología,Monitor,20,40884,817680
2025-02-03,Bogotá,Ropa,Gorra,19,145748,2769212
2025-12-31,Cali,Alimentos,Leche,17,79305,1348185
2025-08-21,Apartadó,Papelería,Carpeta,4,209905,839620
2025-12-26,Medellín,Papelería,Lapicero,14,120372,1685208
2025-04-27,Barranquilla,Ropa,Chaqueta,13,111049,1443637
2025-02-18,Cali,Alimentos,Café,9,100120,901080
2025-03-20,Barranquilla,Tecnología,Mouse,3,26439,79317
2025-08-10,Medellín,Ropa,Pantalón,18,17723,319014
2025-10-28,Apartadó,Papelería,Marcador,4,109691,438764
2025-07-01,Barranquilla,Tecnología,Monitor,20,83906,1678120
2025-06-30,Medellín,Papelería,Resma,7,42561,297927
2025-12-03,Barranquilla,Hogar,Silla,12,223609,2683308
2025-10-12,Cali,Tecnología,Monitor,19,61286,1164434
2025-08-08,Apartadó,Papelería,Resma,18,8882,159876
2025-11-08,Cali,Tecnología,Teclado,9,186208,1675872
2025-06-08,Cali,Ropa,Camisa,6,230029,1380174
2025-03-15,Apartadó,Alimentos,Arroz,5,196240,981200
2025-11-21,Medellín,Tecnología,Audífonos,7,100617,704319
2025-08-03,Barranquilla,Ropa,Pantalón,12,83693,1004316
2025-06-16,Apartadó,Papelería,Cuaderno,2,42784,85568
2025-03-22,Apartadó,Tecnología,Mouse,9,118159,1063431
2025-12-05,Barranquilla,Alimentos,Leche,15,110575,1658625
2025-05-20,Bogotá,Papelería,Cuaderno,12,114699,1376388
2025-02-26,Cali,Papelería,Carpeta,17,176884,3007028
2025-06-07,Medellín,Hogar,Ventilador,20,16360,327200
2025-01-04,Bogotá,Ropa,Pantalón,5,202320,1011600
2025-05-11,Cali,Ropa,Camisa,1,132386,132386
2025-08-09,Bogotá,Hogar,Ventilador,18,186463,3356334
2025-04-28,Apartadó,Papelería,Marcador,3,106089,318267
2025-01-22,Barranquilla,Tecnología,Memoria USB,3,227996,683988
2025-06-10,Apartadó,Alimentos,Leche,13,187990,2443870
2025-11-24,Barranquilla,Ropa,Camisa,13,7467,97071
2025-06-16,Bogotá,Papelería,Carpeta,12,25102,301224
2025-08-12,Medellín,Hogar,Ventilador,19,106975,2032525
2025-09-26,Medellín,Alimentos,Café,11,60083,660913
2025-06-20,Bogotá,Tecnología,Audífonos,4,141094,564376
2025-09-19,Bogotá,Ropa,Zapatos,5,63936,319680
2025-02-22,Bogotá,Ropa,Pantalón,6,159915,959490
2025-03-20,Medellín,Hogar,Ventilador,15,199773,2996595
2025-10-16,Apartadó,Alimentos,Leche,20,86727,1734540
2025-11-18,Cali,Hogar,Ventilador,3,124924,374772
2025-08-15,Cali,Ropa,Gorra,2,94259,188518
2025-09-17,Medellín,Ropa,Chaqueta,15,11858,177870
2025-01-30,Cali,Ropa,Camisa,3,163220,489660
2025-11-01,Apartadó,Alimentos,Azúcar,19,147310,2798890
2025-01-22,Barranquilla,Papelería,Lapicero,11,160598,1766578
2025-09-01,Apartadó,Hogar,Silla,15,29132,436980
2025-06-25,Medellín,Papelería,Lapicero,2,66944,133888
2025-12-29,Barranquilla,Alimentos,Leche,17,161856,2751552
2025-03-23,Cali,Ropa,Zapatos,13,109156,1419028
2025-06-23,Apartadó,Tecnología,Monitor,3,88426,265278
2025-02-18,Apartadó,Alimentos,Café,9,191722,1725498
2025-12-03,Apartadó,Hogar,Lámpara,3,154761,464283
2025-12-06,Bogotá,Ropa,Zapatos,13,35803,465439
2025-11-01,Medellín,Ropa,Gorra,13,170687,2218931
2025-06-18,Bogotá,Papelería,Cuaderno,14,135297,1894158
2025-07-05,Medellín,Ropa,Zapatos,6,58149,348894
2025-06-24,Barranquilla,Hogar,Mesa,5,42617,213085
2025-02-09,Cali,Tecnología,Audífonos,18,220921,3976578
2025-09-27,Medellín,Ropa,Gorra,5,158564,792820
2025-07-12,Bogotá,Hogar,Mesa,20,214085,4281700
2025-03-26,Barranquilla,Tecnología,Memoria USB,12,179304,2151648
2025-05-02,Barranquilla,Papelería,Marcador,15,63342,950130
2025-10-01,Bogotá,Ropa,Chaqueta,7,98427,688989
2025-12-14,Apartadó,Alimentos,Azúcar,10,205980,2059800
2025-07-15,Apartadó,Papelería,Carpeta,6,216143,1296858
2025-04-13,Apartadó,Hogar,Lámpara,2,170081,340162
2025-09-04,Cali,Papelería,Cuaderno,17,225128,3827176
2025-03-05,Cali,Tecnología,Teclado,9,119786,1078074
2025-09-20,Bogotá,Alimentos,Arroz,8,216093,1728744
2025-08-19,Cali,Tecnología,Memoria USB,2,105928,211856
2025-09-15,Cali,Hogar,Ventilador,3,100281,300843
2025-04-25,Medellín,Ropa,Camisa,11,209455,2304005
2025-03-16,Bogotá,Tecnología,Monitor,16,184471,2951536
2025-03-13,Barranquilla,Alimentos,Leche,1,239465,239465
2025-02-10,Medellín,Ropa,Pantalón,5,145865,729325
2025-11-08,Apartadó,Alimentos,Arroz,10,64295,642950
2025-06-04,Medellín,Tecnología,Teclado,14,169497,2372958
2025-11-15,Barranquilla,Tecnología,Mouse,16,158431,2534896
2025-10-02,Medellín,Papelería,Resma,8,190362,1522896
2025-03-15,Cali,Alimentos,Arroz,20,94488,1889760
2025-05-04,Apartadó,Alimentos,Aceite,3,139228,417684
2025-07-04,Medellín,Papelería,Resma,17,208153,3538601
2025-09-17,Apartadó,Tecnología,Memoria USB,16,13412,214592
2025-11-22,Barranquilla,Ropa,Zapatos,1,95610,95610
2025-02-04,Cali,Hogar,Silla,19,194724,3699756
2025-06-20,Bogotá,Tecnología,Monitor,18,90748,1633464
2025-11-26,Bogotá,Alimentos,Azúcar,6,214729,1288374
2025-03-11,Medellín,Alimentos,Arroz,10,54845,548450
2025-01-23,Bogotá,Tecnología,Monitor,10,137104,1371040
2025-07-23,Apartadó,Alimentos,Café,2,199470,398940
2025-11-28,Bogotá,Ropa,Zapatos,2,228963,457926
2025-12-02,Cali,Ropa,Camisa,12,116544,1398528
2025-07-24,Barranquilla,Alimentos,Café,6,132076,792456
2025-12-21,Barranquilla,Ropa,Gorra,9,212016,1908144
2025-02-12,Barranquilla,Tecnología,Memoria USB,20,217571,4351420
2025-04-03,Apartadó,Ropa,Zapatos,4,22989,91956
2025-06-17,Cali,Ropa,Chaqueta,20,190131,3802620
2025-08-07,Bogotá,Alimentos,Café,15,13103,196545
2025-06-30,Apartadó,Alimentos,Café,2,21671,43342
2025-12-10,Barranquilla,Ropa,Gorra,6,10163,60978
2025-03-15,Apartadó,Alimentos,Arroz,5,19624,98120
2025-05-01,Cali,Ropa,Chaqueta,19,10489,199291
2025-11-06,Bogotá,Alimentos,Café,12,118376,1420512
2025-02-09,Apartadó,Hogar,Organizador,12,106342,1276104
2025-06-10,Cali,Hogar,Silla,1,194852,194852
2025-04-06,Barranquilla,Papelería,Carpeta,18,32870,591660
2025-05-15,Cali,Alimentos,Aceite,20,76862,1537240
2025-12-22,Barranquilla,Hogar,Silla,5,225563,1127815
2025-02-07,Barranquilla,Hogar,Ventilador,3,214471,643413
2025-12-16,Cali,Ropa,Camisa,18,144126,2594268
2025-05-29,Cali,Hogar,Mesa,12,135367,1624404
2025-04-25,Medellín,Hogar,Mesa,8,209191,1673528
2025-09-10,Medellín,Ropa,Gorra,19,98707,1875433
2025-08-28,Apartadó,Hogar,Organizador,3,19235,57705
2025-06-08,Barranquilla,Alimentos,Leche,14,203631,2850834
2025-07-29,Apartadó,Tecnología,Teclado,11,170385,1874235
2025-02-07,Barranquilla,Alimentos,Leche,12,35642,427704
2025-10-10,Apartadó,Hogar,Mesa,14,133822,1873508
2025-01-29,Medellín,Papelería,Lapicero,10,45163,451630
2025-03-24,Cali,Hogar,Lámpara,17,236599,4022183
2025-05-26,Medellín,Ropa,Pantalón,18,73945,1331010
2025-03-06,Cali,Papelería,Resma,3,133746,401238
2025-11-25,Bogotá,Papelería,Resma,5,46879,234395
2025-12-04,Apartadó,Papelería,Marcador,19,12798,243162
2025-01-15,Medellín,Tecnología,Audífonos,9,172689,1554201
2025-04-18,Apartadó,Alimentos,Leche,1,132557,132557
2025-11-18,Apartadó,Ropa,Zapatos,16,66193,1059088
2025-12-17,Barranquilla,Ropa,Chaqueta,3,182515,547545
2025-01-31,Bogotá,Alimentos,Azúcar,16,123750,1980000
2025-04-15,Cali,Papelería,Lapicero,11,227833,2506163
2025-06-13,Cali,Alimentos,Aceite,12,136998,1643976
2025-10-15,Medellín,Ropa,Pantalón,15,34118,511770
2025-05-17,Barranquilla,Hogar,Mesa,4,15265,61060
2025-05-29,Barranquilla,Papelería,Carpeta,8,228835,1830680
2025-03-23,Cali,Papelería,Marcador,7,202047,1414329
2025-03-23,Barranquilla,Papelería,Carpeta,16,232444,3719104
2025-06-07,Barranquilla,Tecnología,Mouse,13,134499,1748487
2025-08-23,Bogotá,Hogar,Organizador,12,14755,177060
2025-01-26,Cali,Alimentos,Leche,16,76907,1230512
2025-10-02,Medellín,Tecnología,Memoria USB,5,233330,1166650
2025-05-16,Cali,Alimentos,Café,2,107010,214020
2025-01-27,Apartadó,Papelería,Lapicero,12,147024,1764288
2025-05-28,Medellín,Alimentos,Leche,15,202383,3035745
2025-10-09,Cali,Papelería,Resma,4,35728,142912
2025-02-19,Barranquilla,Ropa,Zapatos,18,248139,4466502
2025-07-07,Bogotá,Hogar,Organizador,17,107221,1822757
2025-09-14,Medellín,Tecnología,Mouse,5,189063,945315
2025-06-20,Barranquilla,Papelería,Carpeta,5,160927,804635
2025-09-21,Bogotá,Ropa,Gorra,11,44598,490578
2025-07-21,Apartadó,Ropa,Gorra,11,134989,1484879
2025-09-18,Apartadó,Alimentos,Leche,10,126490,1264900
2025-01-09,Cali,Ropa,Camisa,14,155014,2170196
2025-06-07,Medellín,Papelería,Carpeta,9,173859,1564731
2025-10-24,Apartadó,Hogar,Silla,19,127946,2430974
2025-03-29,Apartadó,Papelería,Carpeta,5,217393,1086965
2025-12-15,Bogotá,Tecnología,Audífonos,4,52012,208048
2025-01-10,Barranquilla,Ropa,Chaqueta,5,110255,551275
2025-12-20,Bogotá,Alimentos,Leche,20,243309,4866180
2025-08-30,Medellín,Hogar,Organizador,7,149033,1043231
2025-06-16,Barranquilla,Papelería,Carpeta,11,47398,521378
2025-08-24,Apartadó,Ropa,Gorra,12,179174,2150088
2025-12-15,Cali,Papelería,Carpeta,7,66623,466361
2025-05-23,Apartadó,Ropa,Pantalón,10,204158,2041580
2025-05-28,Bogotá,Alimentos,Café,16,93436,1494976
2025-10-14,Cali,Ropa,Camisa,19,179372,3408068
2025-10-06,Barranquilla,Alimentos,Café,5,78140,390700
2025-01-22,Cali,Tecnología,Monitor,15,173959,2609385
2025-05-12,Barranquilla,Hogar,Mesa,18,73075,1315350
2025-10-15,Cali,Hogar,Silla,20,196220,3924400
2025-10-28,Bogotá,Hogar,Silla,17,61158,1039686
2025-11-23,Bogotá,Tecnología,Mouse,14,88584,1240176
2025-08-30,Medellín,Hogar,Silla,18,245557,4420026
2025-03-22,Barranquilla,Alimentos,Azúcar,7,200157,1401099
2025-05-28,Cali,Ropa,Camisa,3,172996,518988
2025-10-21,Bogotá,Papelería,Cuaderno,6,111546,669276
2025-04-01,Medellín,Alimentos,Azúcar,6,247526,1485156
2025-05-29,Medellín,Tecnología,Monitor,19,160015,3040285
2025-02-24,Cali,Ropa,Chaqueta,18,139446,2510028
2025-09-10,Bogotá,Papelería,Carpeta,9,52544,472896
2025-02-27,Cali,Hogar,Ventilador,9,190376,1713384
2025-04-06,Medellín,Ropa,Zapatos,19,178790,3397010
2025-04-09,Bogotá,Papelería,Carpeta,14,137077,1919078
2025-06-17,Medellín,Alimentos,Arroz,6,38860,233160
2025-09-02,Cali,Hogar,Silla,9,102551,922959
2025-05-01,Barranquilla,Ropa,Zapatos,10,154688,1546880
2025-10-21,Medellín,Ropa,Zapatos,8,18285,146280
2025-12-08,Medellín,Alimentos,Café,6,108277,649662
2025-12-18,Apartadó,Ropa,Camisa,10,98349,983490
2025-11-11,Bogotá,Hogar,Mesa,16,42156,674496
2025-08-21,Apartadó,Ropa,Chaqueta,18,241284,4343112
2025-08-30,Apartadó,Hogar,Mesa,20,230887,4617740
2025-02-11,Apartadó,Alimentos,Leche,12,22474,269688
2025-10-16,Medellín,Tecnología,Audífonos,17,54994,934898
2025-10-21,Apartadó,Hogar,Mesa,11,225998,2485978
2025-09-24,Barranquilla,Tecnología,Teclado,19,130143,2472717
2025-02-16,Apartadó,Alimentos,Arroz,15,36588,548820
2025-09-20,Barranquilla,Alimentos,Leche,2,148485,296970
2025-08-25,Cali,Tecnología,Memoria USB,9,216028,1944252
2025-01-02,Bogotá,Papelería,Cuaderno,2,113069,226138
2025-06-26,Medellín,Papelería,Cuaderno,3,246783,740349
2025-08-30,Medellín,Ropa,Chaqueta,6,203581,1221486
2025-03-11,Barranquilla,Ropa,Chaqueta,15,229965,3449475
2025-07-13,Barranquilla,Tecnología,Audífonos,5,173320,866600
2025-06-28,Medellín,Hogar,Organizador,13,140632,1828216
2025-03-07,Bogotá,Tecnología,Mouse,10,123373,1233730
2025-12-11,Apartadó,Alimentos,Leche,13,217838,2831894
2025-04-28,Bogotá,Alimentos,Café,5,74259,371295
2025-04-07,Medellín,Tecnología,Memoria USB,20,202816,4056320
2025-01-09,Bogotá,Hogar,Silla,4,157698,630792
2025-01-18,Barranquilla,Papelería,Cuaderno,8,196128,1569024
2025-01-23,Barranquilla,Alimentos,Aceite,18,58955,1061190
2025-01-29,Bogotá,Papelería,Marcador,8,215853,1726824
2025-10-22,Cali,Papelería,Resma,11,64102,705122
2025-06-04,Bogotá,Papelería,Lapicero,14,80774,1130836
2025-05-21,Medellín,Papelería,Resma,6,166100,996600
2025-12-14,Barranquilla,Papelería,Carpeta,2,92286,184572
2025-11-26,Barranquilla,Papelería,Marcador,14,109022,1526308
2025-03-18,Cali,Alimentos,Aceite,18,126130,2270340
2025-05-04,Bogotá,Ropa,Pantalón,15,241793,3626895
2025-01-30,Apartadó,Alimentos,Azúcar,18,140934,2536812
2025-03-10,Barranquilla,Hogar,Lámpara,7,88576,620032
2025-11-28,Medellín,Alimentos,Café,3,142413,427239
2025-04-08,Medellín,Ropa,Chaqueta,20,160052,3201040
2025-01-21,Medellín,Hogar,Organizador,18,58889,1060002
2025-09-03,Bogotá,Ropa,Zapatos,1,57524,57524
2025-04-08,Medellín,Alimentos,Aceite,20,186488,3729760
2025-04-15,Barranquilla,Hogar,Organizador,11,205296,2258256
2025-05-25,Barranquilla,Alimentos,Leche,12,82851,994212
2025-05-14,Cali,Papelería,Carpeta,15,27849,417735
2025-08-29,Cali,Hogar,Lámpara,11,110509,1215599
2025-01-24,Apartadó,Hogar,Mesa,1,70360,70360
2025-10-11,Apartadó,Papelería,Carpeta,10,41953,419530
2025-04-11,Cali,Hogar,Ventilador,19,220461,4188759
2025-05-06,Barranquilla,Papelería,Marcador,9,202110,1818990
2025-09-08,Barranquilla,Alimentos,Aceite,12,46371,556452
2025-03-13,Apartadó,Alimentos,Aceite,18,170246,3064428
2025-01-31,Apartadó,Tecnología,Mouse,2,202366,404732
2025-01-04,Barranquilla,Hogar,Mesa,3,187380,562140
2025-03-19,Medellín,Hogar,Organizador,15,99832,1497480
2025-01-31,Apartadó,Papelería,Carpeta,16,6123,97968
2025-01-04,Apartadó,Papelería,Carpeta,1,6384,6384
2025-09-29,Cali,Papelería,Marcador,1,133652,133652
2025-12-24,Barranquilla,Hogar,Silla,4,139464,557856
2025-03-18,Bogotá,Hogar,Organizador,17,68169,1158873
2025-07-01,Cali,Alimentos,Arroz,12,108437,1301244
2025-08-24,Apartadó,Hogar,Mesa,10,181317,1813170
2025-02-11,Medellín,Tecnología,Memoria USB,13,100872,1311336
2025-10-10,Barranquilla,Tecnología,Mouse,6,23675,142050
2025-09-13,Barranquilla,Ropa,Gorra,4,236564,946256
2025-09-28,Medellín,Hogar,Mesa,19,126649,2406331
2025-05-19,Medellín,Tecnología,Monitor,18,149720,2694960
2025-12-03,Medellín,Hogar,Lámpara,1,56305,56305
2025-10-28,Bogotá,Alimentos,Arroz,10,44585,445850
2025-10-16,Bogotá,Papelería,Carpeta,18,88960,1601280
2025-07-16,Bogotá,Tecnología,Audífonos,12,16076,192912
2025-02-20,Barranquilla,Hogar,Silla,11,160641,1767051
2025-11-11,Apartadó,Alimentos,Café,1,168231,168231
2025-05-20,Barranquilla,Alimentos,Aceite,12,146975,1763700
2025-07-12,Barranquilla,Hogar,Organizador,13,24464,318032
2025-11-13,Cali,Hogar,Silla,3,72247,216741
2025-03-20,Barranquilla,Hogar,Ventilador,11,96555,1062105
2025-02-24,Medellín,Tecnología,Monitor,15,96350,1445250
2025-05-19,Medellín,Hogar,Silla,6,114978,689868
2025-08-18,Apartadó,Papelería,Resma,14,29077,407078
2025-01-14,Medellín,Ropa,Gorra,3,158480,475440
2025-11-03,Cali,Alimentos,Arroz,10,110477,1104770
2025-07-18,Medellín,Papelería,Lapicero,19,138604,2633476
2025-03-28,Barranquilla,Hogar,Mesa,9,80939,728451
2025-05-18,Barranquilla,Hogar,Silla,6,115947,695682
2025-05-22,Barranquilla,Ropa,Chaqueta,3,96666,289998
2025-05-09,Bogotá,Alimentos,Leche,20,53261,1065220
2025-08-23,Medellín,Hogar,Lámpara,1,105728,105728
2025-06-20,Apartadó,Alimentos,Café,15,89749,1346235
2025-08-09,Apartadó,Hogar,Lámpara,11,160128,1761408
2025-12-22,Bogotá,Alimentos,Café,6,106396,638376
2025-06-13,Cali,Alimentos,Leche,8,87429,699432
2025-07-12,Cali,Alimentos,Café,4,246335,985340
2025-10-16,Bogotá,Papelería,Resma,6,180706,1084236
2025-10-09,Medellín,Alimentos,Aceite,15,211108,3166620
2025-05-30,Medellín,Alimentos,Azúcar,5,168025,840125
2025-06-05,Bogotá,Ropa,Pantalón,14,208851,2923914
2025-07-13,Medellín,Alimentos,Leche,16,154631,2474096
2025-07-25,Apartadó,Papelería,Carpeta,18,11637,209466
2025-07-04,Apartadó,Papelería,Cuaderno,4,203576,814304
2025-05-08,Cali,Hogar,Organizador,2,149644,299288
2025-11-27,Barranquilla,Ropa,Chaqueta,4,4765,19060
2025-02-20,Cali,Hogar,Organizador,17,148274,2520658
2025-10-25,Apartadó,Hogar,Ventilador,12,104533,1254396
2025-08-26,Apartadó,Papelería,Lapicero,12,8438,101256
2025-09-05,Medellín,Ropa,Chaqueta,3,32426,97278
2025-03-14,Cali,Ropa,Zapatos,15,207591,3113865
2025-04-16,Apartadó,Alimentos,Café,16,27591,441456
2025-08-13,Barranquilla,Ropa,Camisa,10,13713,137130
2025-12-30,Medellín,Tecnología,Monitor,4,179508,718032
2025-03-26,Bogotá,Papelería,Lapicero,18,43978,791604
2025-06-19,Apartadó,Alimentos,Azúcar,8,211126,1689008
2025-07-27,Bogotá,Hogar,Ventilador,13,9652,125476
2025-11-11,Bogotá,Alimentos,Leche,14,103930,1455020
2025-01-03,Bogotá,Hogar,Lámpara,3,153348,460044
2025-02-22,Apartadó,Hogar,Lámpara,11,53661,590271
2025-08-23,Medellín,Ropa,Chaqueta,17,169538,2882146
2025-06-10,Apartadó,Alimentos,Leche,13,155879,2026427
2025-02-28,Cali,Ropa,Chaqueta,20,47227,944540
2025-12-11,Cali,Papelería,Resma,3,178189,534567
2025-03-10,Cali,Tecnología,Teclado,10,32657,326570
2025-04-04,Cali,Hogar,Organizador,13,111638,1451294
2025-11-02,Bogotá,Papelería,Carpeta,14,50694,709716
2025-09-07,Apartadó,Hogar,Organizador,6,130356,782136
2025-05-28,Bogotá,Hogar,Lámpara,15,164374,2465610
2025-01-28,Cali,Tecnología,Memoria USB,5,53151,265755
2025-07-16,Apartadó,Papelería,Carpeta,14,181489,2540846
2025-09-09,Barranquilla,Alimentos,Azúcar,6,23671,142026
2025-10-17,Medellín,Hogar,Lámpara,2,74051,148102
2025-04-26,Apartadó,Ropa,Pantalón,15,150281,2254215
2025-09-11,Apartadó,Papelería,Cuaderno,19,31938,606822
2025-05-18,Apartadó,Ropa,Gorra,2,201230,402460
2025-08-14,Apartadó,Hogar,Ventilador,4,194935,779740
2025-12-01,Bogotá,Ropa,Camisa,15,70895,1063425
2025-06-28,Medellín,Alimentos,Arroz,8,57018,456144
2025-10-29,Cali,Papelería,Carpeta,6,163520,981120
2025-03-13,Bogotá,Hogar,Silla,19,93964,1785316
2025-09-30,Cali,Papelería,Resma,6,86843,521058
2025-12-27,Cali,Ropa,Gorra,9,226923,2042307
2025-09-21,Medellín,Hogar,Ventilador,2,74698,149396
2025-12-02,Bogotá,Hogar,Mesa,5,188487,942435
2025-06-14,Bogotá,Alimentos,Azúcar,5,153368,766840
2025-11-20,Cali,Alimentos,Azúcar,15,21796,326940
2025-11-21,Medellín,Alimentos,Leche,9,184112,1657008
2025-07-08,Barranquilla,Alimentos,Café,19,2648,50312
2025-02-17,Barranquilla,Ropa,Camisa,18,106258,1912644
2025-04-22,Barranquilla,Hogar,Ventilador,9,86637,779733
2025-05-26,Cali,Papelería,Resma,5,150410,752050
2025-09-06,Cali,Tecnología,Mouse,4,166149,664596
2025-08-24,Medellín,Tecnología,Teclado,15,121673,1825095
2025-01-01,Barranquilla,Hogar,Mesa,10,43674,436740
2025-05-21,Medellín,Ropa,Zapatos,3,99476,298428
2025-12-07,Bogotá,Tecnología,Memoria USB,10,192313,1923130
2025-12-25,Bogotá,Alimentos,Arroz,4,2284,9136
2025-04-20,Barranquilla,Tecnología,Teclado,19,61294,1164586
2025-09-23,Barranquilla,Tecnología,Mouse,11,216200,2378200
2025-03-03,Barranquilla,Hogar,Ventilador,3,62017,186051
2025-07-16,Medellín,Tecnología,Mouse,11,98354,1081894
2025-06-03,Bogotá,Alimentos,Aceite,5,19933,99665
2025-09-29,Apartadó,Tecnología,Audífonos,6,117369,704214
2025-06-29,Bogotá,Hogar,Ventilador,20,181979,3639580
2025-08-15,Bogotá,Tecnología,Mouse,5,199249,996245
2025-03-05,Apartadó,Alimentos,Café,14,84445,1182230
2025-03-13,Bogotá,Ropa,Camisa,8,147069,1176552
2025-11-04,Apartadó,Papelería,Marcador,1,224269,224269
2025-12-04,Cali,Hogar,Organizador,20,135568,2711360
2025-04-07,Barranquilla,Ropa,Camisa,8,131731,1053848
2025-07-17,Medellín,Hogar,Ventilador,20,20615,412300
2025-09-28,Medellín,Ropa,Zapatos,5,103407,517035
2025-10-19,Barranquilla,Ropa,Gorra,6,201944,1211664
2025-08-30,Medellín,Tecnología,Audífonos,3,5615,16845
2025-05-15,Bogotá,Tecnología,Mouse,13,134804,1752452
2025-05-27,Apartadó,Alimentos,Azúcar,13,23607,306891
2025-11-24,Apartadó,Papelería,Resma,5,74736,373680
2025-02-12,Cali,Tecnología,Audífonos,7,213828,1496796
2025-03-21,Apartadó,Ropa,Chaqueta,19,168276,3197244
2025-11-29,Medellín,Ropa,Chaqueta,8,17179,137432
2025-05-06,Medellín,Alimentos,Arroz,15,162509,2437635
2025-11-08,Medellín,Ropa,Pantalón,4,5320,21280
2025-12-29,Bogotá,Tecnología,Teclado,16,92886,1486176
2025-09-25,Apartadó,Ropa,Pantalón,12,35274,423288
2025-05-18,Medellín,Tecnología,Monitor,14,73298,1026172
2025-09-26,Medellín,Ropa,Gorra,3,132062,396186
2025-08-22,Apartadó,Ropa,Camisa,16,227276,3636416
2025-10-18,Bogotá,Ropa,Pantalón,9,204723,1842507
2025-02-22,Apartadó,Tecnología,Teclado,17,2673,45441
2025-01-23,Medellín,Hogar,Silla,16,97414,1558624
2025-07-16,Bogotá,Hogar,Silla,18,212531,3825558
2025-12-02,Barranquilla,Hogar,Lámpara,8,111119,888952
2025-06-13,Cali,Tecnología,Audífonos,12,33300,399600
2025-09-15,Medellín,Hogar,Mesa,17,14039,238663
2025-07-25,Medellín,Alimentos,Café,10,87799,877990
2025-02-14,Apartadó,Alimentos,Arroz,12,54604,655248
2025-05-30,Apartadó,Ropa,Gorra,8,123615,988920
2025-07-08,Apartadó,Alimentos,Aceite,18,201355,3624390
2025-05-06,Bogotá,Tecnología,Memoria USB,1,63078,63078
2025-10-05,Cali,Tecnología,Monitor,1,200948,200948
2025-12-03,Barranquilla,Ropa,Camisa,7,140887,986209
2025-05-02,Barranquilla,Alimentos,Arroz,5,188555,942775
2025-05-24,Medellín,Tecnología,Teclado,17,110280,1874760
2025-12-25,Cali,Alimentos,Arroz,19,27054,514026
2025-09-16,Bogotá,Alimentos,Arroz,19,150850,2866150
2025-02-01,Barranquilla,Hogar,Mesa,10,70417,704170
2025-06-11,Barranquilla,Ropa,Zapatos,15,73291,1099365
2025-04-30,Medellín,Hogar,Mesa,19,30566,580754
2025-03-21,Medellín,Hogar,Ventilador,15,84321,1264815
2025-07-28,Medellín,Papelería,Marcador,7,120467,843269
2025-06-07,Barranquilla,Ropa,Camisa,3,43317,129951
2025-12-18,Cali,Papelería,Cuaderno,7,221132,1547924
2025-06-17,Bogotá,Tecnología,Teclado,12,105873,1270476
2025-09-20,Medellín,Ropa,Zapatos,6,10147,60882
2025-07-27,Barranquilla,Papelería,Resma,8,26831,214648
2025-08-25,Medellín,Hogar,Silla,1,18166,18166
2025-04-24,Bogotá,Hogar,Ventilador,12,181905,2182860
2025-11-19,Medellín,Papelería,Resma,9,242498,2182482
2025-02-08,Medellín,Tecnología,Teclado,15,214152,3212280
2025-03-07,Medellín,Ropa,Camisa,2,249013,498026
2025-08-25,Medellín,Hogar,Organizador,14,217399,3043586
2025-07-22,Barranquilla,Tecnología,Memoria USB,14,47300,662200
2025-07-01,Bogotá,Hogar,Lámpara,9,118919,1070271
2025-03-18,Medellín,Papelería,Resma,20,66431,1328620
2025-11-28,Cali,Alimentos,Azúcar,18,127575,2296350
2025-02-01,Medellín,Ropa,Chaqueta,5,111899,559495
2025-04-13,Apartadó,Hogar,Organizador,1,102269,102269
2025-07-03,Barranquilla,Papelería,Carpeta,12,241252,2895024
2025-10-17,Apartadó,Ropa,Chaqueta,9,49137,442233
2025-01-14,Cali,Papelería,Lapicero,1,236819,236819
2025-05-24,Medellín,Alimentos,Leche,12,203023,2436276
2025-10-27,Bogotá,Hogar,Silla,8,174193,1393544
2025-05-04,Cali,Papelería,Cuaderno,8,152914,1223312
2025-07-18,Cali,Hogar,Mesa,8,157325,1258600
2025-06-12,Cali,Papelería,Cuaderno,12,150806,1809672
2025-10-16,Bogotá,Papelería,Lapicero,16,144114,2305824
2025-06-08,Bogotá,Alimentos,Arroz,3,16724,50172
2025-04-30,Apartadó,Hogar,Silla,17,127301,2164117
2025-01-01,Cali,Papelería,Lapicero,5,91327,456635
2025-04-01,Cali,Tecnología,Mouse,5,155776,778880
2025-12-27,Bogotá,Tecnología,Audífonos,12,21013,252156
2025-07-11,Barranquilla,Papelería,Cuaderno,11,81105,892155
2025-06-15,Bogotá,Hogar,Ventilador,16,172178,2754848
2025-06-12,Bogotá,Papelería,Resma,12,60520,726240
2025-12-07,Apartadó,Hogar,Ventilador,10,194412,1944120
2025-12-19,Cali,Hogar,Mesa,1,186027,186027
2025-10-21,Barranquilla,Papelería,Cuaderno,6,159912,959472
2025-06-12,Apartadó,Hogar,Organizador,4,247547,990188
2025-09-12,Bogotá,Ropa,Camisa,8,92914,743312
2025-06-13,Bogotá,Tecnología,Monitor,15,4987,74805
2025-05-16,Bogotá,Hogar,Silla,12,69281,831372
2025-02-25,Medellín,Tecnología,Memoria USB,15,194042,2910630
2025-08-03,Bogotá,Alimentos,Azúcar,13,94073,1222949
2025-10-07,Barranquilla,Tecnología,Memoria USB,19,172647,3280293
2025-12-18,Bogotá,Hogar,Ventilador,3,211504,634512
2025-01-18,Cali,Tecnología,Monitor,9,29453,265077
2025-02-07,Cali,Hogar,Ventilador,6,193885,1163310
2025-02-08,Apartadó,Tecnología,Monitor,20,162863,3257260
2025-09-05,Medellín,Alimentos,Aceite,20,235243,4704860
2025-08-11,Bogotá,Tecnología,Mouse,11,55883,614713
2025-04-08,Barranquilla,Papelería,Resma,9,175171,1576539
2025-05-25,Cali,Hogar,Silla,2,104996,209992
2025-10-20,Apartadó,Alimentos,Aceite,2,96589,193178
2025-01-02,Barranquilla,Tecnología,Monitor,20,127915,2558300
2025-04-13,Medellín,Tecnología,Teclado,6,169297,1015782
2025-05-30,Medellín,Alimentos,Arroz,10,207750,2077500
2025-07-23,Barranquilla,Alimentos,Café,3,170261,510783
2025-10-06,Barranquilla,Hogar,Lámpara,13,98836,1284868
2025-04-06,Barranquilla,Tecnología,Monitor,15,123912,1858680
2025-05-15,Bogotá,Ropa,Gorra,2,41617,83234
2025-12-23,Medellín,Tecnología,Monitor,18,110524,1989432
2025-10-29,Bogotá,Papelería,Cuaderno,13,216540,2815020
2025-09-25,Barranquilla,Papelería,Carpeta,19,233120,4429280
2025-05-01,Barranquilla,Ropa,Camisa,13,238657,3102541
2025-01-18,Apartadó,Papelería,Resma,19,179611,3412609
2025-11-14,Bogotá,Tecnología,Memoria USB,6,45821,274926
2025-04-19,Bogotá,Hogar,Silla,14,22543,315602
2025-12-16,Barranquilla,Hogar,Mesa,20,69603,1392060
2025-06-13,Medellín,Tecnología,Memoria USB,18,106164,1910952
2025-10-10,Cali,Ropa,Gorra,15,242428,3636420
2025-01-07,Apartadó,Papelería,Resma,14,31496,440944
2025-08-01,Bogotá,Hogar,Organizador,19,154745,2940155
2025-02-21,Medellín,Papelería,Cuaderno,10,229403,2294030
2025-10-02,Cali,Alimentos,Café,13,173648,2257424
2025-09-06,Apartadó,Papelería,Carpeta,2,47141,94282
2025-05-22,Barranquilla,Hogar,Organizador,20,180471,3609420
2025-12-22,Barranquilla,Tecnología,Memoria USB,11,183014,2013154
2025-05-02,Medellín,Alimentos,Café,12,7303,87636
2025-06-22,Cali,Ropa,Zapatos,16,226981,3631696
2025-12-23,Medellín,Hogar,Mesa,10,196962,1969620
2025-08-15,Cali,Ropa,Chaqueta,20,171228,3424560
2025-02-15,Bogotá,Alimentos,Aceite,14,196234,2747276
2025-09-06,Apartadó,Ropa,Camisa,17,209484,3561228
2025-03-23,Medellín,Ropa,Gorra,13,37559,488267
2025-09-26,Apartadó,Tecnología,Teclado,7,231423,1619961
2025-04-13,Medellín,Hogar,Silla,15,15253,228795
2025-07-04,Bogotá,Ropa,Zapatos,15,134415,2016225
2025-07-23,Medellín,Tecnología,Teclado,12,130132,1561584
2025-11-01,Barranquilla,Hogar,Ventilador,19,146528,2784032
2025-06-29,Cali,Hogar,Lámpara,3,76729,230187
2025-01-15,Barranquilla,Tecnología,Teclado,19,206427,3922113
2025-04-20,Bogotá,Hogar,Mesa,9,172809,1555281
2025-07-29,Apartadó,Tecnología,Mouse,16,240948,3855168
2025-03-09,Bogotá,Papelería,Cuaderno,8,68162,545296
2025-11-08,Cali,Ropa,Chaqueta,13,225238,2928094
2025-06-28,Barranquilla,Ropa,Pantalón,15,81205,1218075
2025-12-13,Apartadó,Papelería,Carpeta,19,28820,547580
2025-01-04,Apartadó,Ropa,Gorra,20,161658,3233160
2025-05-25,Cali,Tecnología,Memoria USB,3,90154,270462
2025-05-22,Cali,Ropa,Zapatos,10,51377,513770
2025-03-18,Apartadó,Hogar,Silla,20,107931,2158620
2025-12-05,Cali,Hogar,Silla,16,79490,1271840
2025-05-13,Barranquilla,Alimentos,Azúcar,2,154836,309672
2025-12-29,Apartadó,Hogar,Lámpara,8,181914,1455312
2025-10-01,Barranquilla,Ropa,Gorra,10,223621,2236210
2025-03-29,Apartadó,Hogar,Lámpara,4,125412,501648
2025-03-07,Cali,Papelería,Lapicero,11,173556,1909116
2025-02-15,Bogotá,Ropa,Pantalón,10,112224,1122240
2025-06-19,Cali,Ropa,Gorra,10,123572,1235720
2025-03-02,Barranquilla,Tecnología,Audífonos,19,249542,4741298
2025-11-14,Medellín,Alimentos,Aceite,17,33409,567953
2025-12-15,Barranquilla,Papelería,Marcador,14,16172,226408
2025-03-19,Bogotá,Hogar,Lámpara,14,151265,2117710
2025-08-23,Bogotá,Ropa,Pantalón,3,129816,389448
2025-06-20,Bogotá,Ropa,Camisa,1,120503,120503
2025-05-21,Bogotá,Hogar,Organizador,6,130339,782034
2025-02-15,Bogotá,Papelería,Carpeta,14,107747,1508458
2025-08-08,Barranquilla,Alimentos,Arroz,2,141927,283854
2025-04-13,Cali,Tecnología,Monitor,17,51958,883286
2025-01-10,Medellín,Hogar,Mesa,12,83813,1005756
2025-03-08,Medellín,Alimentos,Leche,19,82246,1562674
2025-03-27,Medellín,Tecnología,Monitor,10,121518,1215180
2025-09-24,Apartadó,Papelería,Marcador,14,234777,3286878
2025-12-18,Bogotá,Ropa,Chaqueta,12,198638,2383656
2025-04-07,Bogotá,Alimentos,Arroz,8,60804,486432
2025-03-09,Bogotá,Tecnología,Audífonos,17,46298,787066
2025-03-05,Cali,Tecnología,Memoria USB,9,204178,1837602
2025-10-01,Apartadó,Tecnología,Audífonos,2,175531,351062
2025-02-25,Medellín,Tecnología,Mouse,14,118474,1658636
2025-07-14,Medellín,Papelería,Marcador,16,185990,2975840
2025-03-20,Bogotá,Tecnología,Monitor,14,175451,2456314
2025-02-21,Apartadó,Ropa,Gorra,20,185691,3713820
2025-03-12,Barranquilla,Tecnología,Audífonos,20,32863,657260
2025-05-25,Medellín,Tecnología,Memoria USB,7,161646,1131522
2025-04-13,Cali,Papelería,Lapicero,12,186401,2236812
2025-07-29,Cali,Hogar,Silla,18,132116,2378088
2025-04-17,Barranquilla,Ropa,Pantalón,1,5342,5342
2025-12-10,Medellín,Tecnología,Audífonos,16,41097,657552
2025-02-16,Apartadó,Tecnología,Mouse,9,170909,1538181
2025-04-29,Barranquilla,Ropa,Zapatos,15,15128,226920
2025-02-21,Bogotá,Tecnología,Monitor,12,212133,2545596
2025-12-13,Cali,Alimentos,Arroz,4,225149,900596
2025-01-24,Medellín,Hogar,Mesa,11,95723,1052953
2025-08-13,Apartadó,Ropa,Camisa,12,215637,2587644
2025-06-25,Bogotá,Tecnología,Memoria USB,13,121678,1581814
2025-05-20,Barranquilla,Alimentos,Azúcar,6,31637,189822
2025-03-09,Medellín,Hogar,Silla,14,240872,3372208
2025-10-30,Barranquilla,Papelería,Carpeta,6,162254,973524
2025-07-14,Cali,Papelería,Cuaderno,5,128636,643180
2025-09-07,Medellín,Alimentos,Azúcar,2,18603,37206
2025-05-14,Cali,Tecnología,Audífonos,19,191732,3642908
2025-10-17,Bogotá,Ropa,Gorra,17,182418,3101106
2025-12-25,Apartadó,Tecnología,Memoria USB,8,128334,1026672
2025-06-27,Barranquilla,Hogar,Organizador,20,16304,326080
2025-01-06,Bogotá,Papelería,Carpeta,16,229912,3678592
2025-03-26,Medellín,Alimentos,Café,8,88742,709936
2025-05-23,Medellín,Papelería,Lapicero,18,170641,3071538
2025-07-13,Barranquilla,Hogar,Silla,15,118441,1776615
2025-10-21,Barranquilla,Tecnología,Memoria USB,15,84853,1272795
2025-03-02,Barranquilla,Tecnología,Mouse,13,110092,1431196
2025-01-19,Apartadó,Papelería,Cuaderno,3,209561,628683
2025-11-06,Apartadó,Ropa,Gorra,18,56224,1012032
2025-12-02,Barranquilla,Ropa,Zapatos,2,216063,432126
2025-04-25,Barranquilla,Ropa,Gorra,20,159273,3185460
2025-08-31,Cali,Alimentos,Arroz,4,201051,804204
2025-12-04,Bogotá,Tecnología,Monitor,12,219549,2634588
2025-11-21,Cali,Papelería,Resma,12,186050,2232600
2025-02-24,Medellín,Hogar,Ventilador,5,217440,1087200
2025-07-29,Medellín,Ropa,Gorra,7,51163,358141
2025-03-03,Barranquilla,Hogar,Ventilador,7,189901,1329307
2025-06-23,Medellín,Alimentos,Arroz,19,34301,651719
2025-08-19,Barranquilla,Papelería,Resma,5,132764,663820
2025-01-03,Apartadó,Tecnología,Audífonos,14,221890,3106460
2025-10-27,Barranquilla,Papelería,Lapicero,19,47521,902899
2025-03-07,Medellín,Alimentos,Leche,20,233393,4667860
2025-06-14,Apartadó,Alimentos,Azúcar,20,242100,4842000
2025-12-21,Bogotá,Ropa,Chaqueta,11,79115,870265
2025-08-20,Bogotá,Hogar,Ventilador,20,185504,3710080
2025-09-20,Cali,Papelería,Marcador,18,167827,3020886
2025-04-22,Bogotá,Hogar,Organizador,10,181991,1819910
2025-06-26,Bogotá,Hogar,Organizador,18,184009,3312162
2025-11-23,Cali,Tecnología,Monitor,18,127926,2302668
2025-10-26,Apartadó,Alimentos,Leche,10,232025,2320250
2025-08-05,Medellín,Papelería,Cuaderno,1,101842,101842
2025-03-16,Medellín,Tecnología,Teclado,9,198656,1787904
2025-03-24,Cali,Ropa,Pantalón,2,183035,366070
2025-06-01,Bogotá,Papelería,Cuaderno,12,215392,2584704
2025-08-20,Medellín,Papelería,Resma,8,196619,1572952
2025-11-28,Apartadó,Alimentos,Aceite,17,207601,3529217
2025-12-23,Cali,Tecnología,Memoria USB,13,111200,1445600
2025-12-17,Cali,Papelería,Cuaderno,1,196948,196948
2025-05-09,Bogotá,Papelería,Carpeta,8,240940,1927520
2025-11-21,Cali,Papelería,Resma,20,53503,1070060
2025-04-10,Cali,Alimentos,Aceite,3,51014,153042
2025-03-30,Apartadó,Tecnología,Memoria USB,2,114330,228660
2025-05-23,Apartadó,Ropa,Pantalón,6,155088,930528
2025-05-11,Medellín,Ropa,Chaqueta,5,12470,62350
2025-03-20,Cali,Papelería,Cuaderno,20,223024,4460480
2025-12-05,Cali,Alimentos,Leche,18,95869,1725642
2025-02-07,Cali,Papelería,Lapicero,6,138473,830838
2025-02-04,Apartadó,Hogar,Ventilador,18,142780,2570040
2025-07-26,Medellín,Ropa,Pantalón,7,175889,1231223
2025-06-19,Cali,Ropa,Zapatos,7,199304,1395128
2025-11-13,Apartadó,Alimentos,Leche,1,32073,32073
2025-12-09,Cali,Alimentos,Aceite,20,242807,4856140
2025-11-15,Bogotá,Tecnología,Monitor,13,242106,3147378
2025-02-28,Barranquilla,Ropa,Gorra,10,8476,84760
2025-09-22,Cali,Papelería,Resma,15,129612,1944180
2025-01-23,Cali,Hogar,Lámpara,17,23586,400962
2025-02-19,Bogotá,Papelería,Resma,1,166346,166346
2025-02-03,Bogotá,Hogar,Ventilador,4,55891,223564
2025-10-03,Barranquilla,Tecnología,Teclado,1,122383,122383
2025-06-19,Medellín,Tecnología,Mouse,2,48659,97318
2025-05-09,Apartadó,Tecnología,Audífonos,8,240809,1926472
2025-05-13,Barranquilla,Alimentos,Azúcar,13,115514,1501682
2025-06-11,Medellín,Alimentos,Arroz,18,3546,63828
2025-11-25,Apartadó,Tecnología,Audífonos,2,185732,371464
2025-02-07,Cali,Papelería,Cuaderno,10,208278,2082780
2025-12-18,Cali,Papelería,Cuaderno,10,202612,2026120
2025-08-13,Barranquilla,Alimentos,Arroz,16,42979,687664
2025-10-01,Bogotá,Hogar,Ventilador,18,79326,1427868
2025-11-21,Bogotá,Ropa,Zapatos,1,147103,147103
2025-10-12,Bogotá,Tecnología,Mouse,1,152134,152134
2025-11-02,Barranquilla,Papelería,Resma,3,81872,245616
2025-04-18,Cali,Hogar,Ventilador,17,39343,668831
2025-03-24,Bogotá,Hogar,Organizador,9,52941,476469
2025-02-28,Bogotá,Papelería,Cuaderno,18,122917,2212506
2025-11-27,Apartadó,Tecnología,Monitor,3,67716,203148
2025-02-20,Bogotá,Papelería,Carpeta,11,95621,1051831
2025-03-07,Bogotá,Tecnología,Monitor,20,20299,405980
2025-04-10,Cali,Alimentos,Azúcar,11,163570,1799270
2025-12-04,Cali,Papelería,Lapicero,19,150599,2861381
2025-07-06,Cali,Alimentos,Aceite,1,84107,84107
2025-05-07,Bogotá,Alimentos,Café,12,37207,446484
2025-12-14,Cali,Alimentos,Azúcar,15,96041,1440615
2025-06-06,Barranquilla,Papelería,Cuaderno,6,171227,1027362
2025-11-07,Medellín,Ropa,Pantalón,18,53493,962874
2025-05-15,Medellín,Tecnología,Mouse,17,167577,2848809
2025-01-16,Apartadó,Papelería,Carpeta,19,57773,1097687
2025-01-19,Apartadó,Ropa,Gorra,18,125759,2263662
2025-12-01,Bogotá,Ropa,Chaqueta,8,235685,1885480
2025-10-29,Cali,Hogar,Ventilador,17,135801,2308617
2025-02-16,Barranquilla,Ropa,Gorra,1,175717,175717
2025-05-03,Apartadó,Hogar,Organizador,5,118974,594870
2025-03-23,Bogotá,Papelería,Resma,5,194916,974580
2025-09-05,Cali,Tecnología,Teclado,16,62751,1004016
2025-02-02,Cali,Ropa,Pantalón,2,177265,354530
2025-04-16,Apartadó,Ropa,Chaqueta,16,242622,3881952
2025-08-21,Medellín,Tecnología,Monitor,4,186480,745920
2025-09-24,Cali,Ropa,Gorra,18,151464,2726352
2025-03-31,Barranquilla,Alimentos,Café,19,173268,3292092
2025-02-09,Apartadó,Ropa,Chaqueta,8,137363,1098904
2025-07-27,Cali,Ropa,Chaqueta,16,234566,3753056
2025-11-06,Medellín,Papelería,Lapicero,15,45412,681180
2025-04-28,Medellín,Papelería,Marcador,7,41384,289688
2025-04-06,Bogotá,Ropa,Gorra,4,175305,701220
2025-04-28,Barranquilla,Ropa,Camisa,16,179007,2864112
2025-09-03,Barranquilla,Hogar,Organizador,6,171675,1030050
2025-07-30,Medellín,Hogar,Silla,5,152336,761680
2025-10-31,Bogotá,Hogar,Organizador,2,235517,471034
2025-10-21,Bogotá,Tecnología,Teclado,9,243813,2194317
2025-04-03,Apartadó,Alimentos,Leche,19,169148,3213812
2025-01-10,Cali,Tecnología,Teclado,15,160997,2414955
2025-08-30,Barranquilla,Hogar,Mesa,14,159506,2233084
2025-03-15,Apartadó,Hogar,Organizador,17,71342,1212814
2025-03-27,Cali,Alimentos,Leche,19,20046,380874
2025-04-28,Barranquilla,Alimentos,Aceite,4,6341,25364
2025-04-14,Apartadó,Papelería,Carpeta,5,160731,803655
2025-02-19,Bogotá,Alimentos,Leche,20,12233,244660
2025-09-30,Apartadó,Tecnología,Mouse,16,174855,2797680
2025-03-08,Apartadó,Papelería,Cuaderno,14,138850,1943900
2025-08-04,Cali,Tecnología,Audífonos,14,62158,870212
2025-09-04,Barranquilla,Ropa,Gorra,19,27615,524685
2025-08-06,Bogotá,Ropa,Chaqueta,8,240573,1924584
2025-02-12,Cali,Papelería,Resma,14,69582,974148
2025-04-07,Medellín,Tecnología,Audífonos,17,32888,559096
2025-09-24,Medellín,Alimentos,Aceite,11,109176,1200936
2025-07-05,Medellín,Hogar,Ventilador,19,68488,1301272
2025-05-14,Apartadó,Alimentos,Leche,12,162400,1948800
2025-05-22,Barranquilla,Hogar,Ventilador,18,207465,3734370
2025-10-13,Barranquilla,Hogar,Lámpara,18,147466,2654388
2025-09-05,Cali,Ropa,Gorra,12,204950,2459400
2025-12-28,Barranquilla,Hogar,Silla,8,119072,952576
2025-12-25,Bogotá,Tecnología,Teclado,17,107004,1819068
2025-06-23,Apartadó,Papelería,Cuaderno,6,104001,624006
2025-11-22,Medellín,Tecnología,Teclado,16,244709,3915344
2025-11-04,Barranquilla,Tecnología,Mouse,9,60135,541215
2025-07-09,Medellín,Papelería,Cuaderno,13,245973,3197649
2025-07-25,Apartadó,Papelería,Marcador,20,17063,341260
2025-03-31,Barranquilla,Alimentos,Arroz,7,224971,1574797
2025-12-03,Apartadó,Ropa,Pantalón,2,207510,415020
2025-11-03,Apartadó,Papelería,Lapicero,20,46428,928560
2025-12-12,Medellín,Ropa,Pantalón,1,43273,43273
2025-02-14,Cali,Alimentos,Café,13,108286,1407718
2025-10-28,Bogotá,Papelería,Cuaderno,3,242956,728868
2025-02-16,Apartadó,Ropa,Gorra,19,93251,1771769
2025-06-27,Cali,Hogar,Organizador,7,121212,848484
2025-07-26,Apartadó,Tecnología,Monitor,6,108727,652362
2025-09-17,Medellín,Papelería,Cuaderno,17,79136,1345312
2025-06-24,Medellín,Papelería,Marcador,18,215161,3872898
2025-10-22,Cali,Alimentos,Azúcar,19,128780,2446820
2025-05-05,Cali,Alimentos,Azúcar,19,227974,4331506
2025-01-15,Barranquilla,Tecnología,Monitor,3,102315,306945
2025-11-21,Bogotá,Hogar,Lámpara,14,94562,1323868
2025-09-22,Apartadó,Tecnología,Monitor,8,77311,618488
2025-02-17,Barranquilla,Ropa,Camisa,18,246159,4430862
2025-04-02,Barranquilla,Ropa,Zapatos,7,236439,1655073
2025-10-21,Cali,Hogar,Mesa,16,195229,3123664
2025-04-13,Bogotá,Hogar,Lámpara,7,62085,434595
2025-04-14,Bogotá,Papelería,Marcador,5,206194,1030970
2025-02-24,Medellín,Tecnología,Memoria USB,20,3736,74720
2025-10-05,Medellín,Alimentos,Café,20,84684,1693680
2025-09-10,Apartadó,Ropa,Chaqueta,6,202346,1214076
2025-09-19,Cali,Alimentos,Aceite,19,35618,676742
2025-01-28,Apartadó,Alimentos,Azúcar,18,10536,189648
2025-09-15,Cali,Alimentos,Aceite,15,33553,503295
2025-12-24,Apartadó,Alimentos,Café,1,5098,5098
2025-12-12,Bogotá,Alimentos,Leche,4,87311,349244
2025-07-05,Apartadó,Ropa,Pantalón,18,70904,1276272
2025-05-02,Cali,Alimentos,Leche,11,97924,1077164
2025-04-05,Barranquilla,Alimentos,Aceite,14,185687,2599618
2025-07-10,Cali,Alimentos,Café,15,49156,737340
2025-10-20,Bogotá,Papelería,Lapicero,4,190957,763828
2025-05-19,Bogotá,Papelería,Carpeta,13,53396,694148
2025-03-16,Bogotá,Alimentos,Arroz,6,112499,674994
2025-09-13,Bogotá,Papelería,Resma,11,207870,2286570
2025-09-07,Cali,Ropa,Gorra,19,14506,275614
2025-07-23,Medellín,Hogar,Silla,7,215337,1507359
2025-05-11,Barranquilla,Tecnología,Memoria USB,11,70096,771056
2025-07-04,Cali,Papelería,Resma,9,92214,829926
2025-01-11,Barranquilla,Tecnología,Monitor,20,54155,1083100
2025-10-23,Apartadó,Papelería,Lapicero,10,95089,950890
2025-06-16,Apartadó,Alimentos,Azúcar,3,101895,305685
2025-11-11,Cali,Alimentos,Aceite,6,169924,1019544
2025-06-22,Barranquilla,Papelería,Resma,13,224534,2918942
2025-02-06,Medellín,Hogar,Lámpara,8,84177,673416
2025-06-12,Cali,Ropa,Gorra,13,73106,950378
2025-08-16,Cali,Papelería,Resma,15,110524,1657860
2025-03-27,Bogotá,Tecnología,Teclado,8,175545,1404360
2025-05-09,Medellín,Hogar,Mesa,13,29003,377039
2025-02-18,Medellín,Alimentos,Leche,2,8911,17822
2025-07-23,Apartadó,Tecnología,Mouse,9,164031,1476279
2025-03-21,Medellín,Alimentos,Café,8,66853,534824
2025-05-26,Barranquilla,Hogar,Mesa,17,221812,3770804
2025-03-29,Medellín,Tecnología,Monitor,11,228555,2514105
2025-09-01,Barranquilla,Papelería,Marcador,18,118613,2135034
2025-03-11,Apartadó,Hogar,Organizador,20,121680,2433600
2025-11-20,Apartadó,Alimentos,Leche,18,83175,1497150
2025-06-27,Barranquilla,Papelería,Lapicero,3,117831,353493
2025-06-07,Cali,Alimentos,Café,5,81579,407895
2025-01-06,Medellín,Papelería,Lapicero,12,77173,926076
2025-08-29,Apartadó,Tecnología,Memoria USB,16,80541,1288656
2025-01-05,Barranquilla,Ropa,Gorra,8,210867,1686936
2025-01-04,Apartadó,Ropa,Pantalón,14,233253,3265542
2025-10-15,Barranquilla,Alimentos,Aceite,6,189416,1136496
2025-11-27,Barranquilla,Alimentos,Aceite,9,22764,204876
2025-08-05,Bogotá,Papelería,Resma,9,76626,689634
2025-11-29,Apartadó,Ropa,Chaqueta,7,225735,1580145
2025-02-05,Bogotá,Hogar,Lámpara,4,168957,675828
2025-08-22,Apartadó,Alimentos,Café,20,130973,2619460
2025-04-07,Cali,Tecnología,Teclado,2,142239,284478
2025-01-12,Bogotá,Tecnología,Monitor,9,34778,313002
2025-08-13,Medellín,Hogar,Silla,5,5860,29300
2025-09-10,Bogotá,Ropa,Chaqueta,10,207973,2079730
2025-09-13,Cali,Alimentos,Arroz,11,23030,253330
2025-03-16,Medellín,Ropa,Chaqueta,3,144394,433182
2025-08-29,Bogotá,Hogar,Lámpara,13,219121,2848573
2025-01-07,Medellín,Hogar,Ventilador,15,66792,1001880
2025-01-18,Bogotá,Alimentos,Arroz,17,176589,3002013
2025-04-17,Barranquilla,Alimentos,Café,11,43579,479369
2025-11-19,Medellín,Papelería,Resma,4,68404,273616
2025-09-04,Cali,Hogar,Lámpara,2,228402,456804
2025-12-08,Bogotá,Tecnología,Teclado,14,87069,1218966
